Country,Code,Year,Temperature,G_anthro,G_pic,Difference,Proportions,Rank,Temp_difference
Afghanistan,AFG,1850,0.0186,0.0186,0.0157,0,0.0002,1,
Angola,AGO,1850,0.0186,0.0186,0.0157,0,0.0001,2,
Albania,ALB,1850,0.0186,0.0186,0.0157,0,0,3,
Andorra,AND,1850,0.0186,0.0186,0.0157,0,0,4,
United Arab Emirates (the),ARE,1850,0.0186,0.0186,0.0157,0,0,5,
Argentina,ARG,1850,0.0186,0.0186,0.0157,0,0.001,6,
Armenia,ARM,1850,0.0186,0.0186,0.0157,0,0,7,
Australia,AUS,1850,0.0186,0.0186,0.0157,0,0.0008,8,
Austria,AUT,1850,0.0186,0.0186,0.0157,0,0.0012,9,
Azerbaijan,AZE,1850,0.0186,0.0186,0.0157,0,0.0001,10,
Burundi,BDI,1850,0.0186,0.0186,0.0157,0,0,11,
Belgium,BEL,1850,0.0185,0.0186,0.0157,0.0001,0.0034,12,
Benin,BEN,1850,0.0186,0.0186,0.0157,0,0,13,
Burkina Faso,BFA,1850,0.0186,0.0186,0.0157,0,0.0001,14,
Bangladesh,BGD,1850,0.0186,0.0186,0.0157,0,0.0004,15,
Bulgaria,BGR,1850,0.0186,0.0186,0.0157,0,0.0002,16,
Bahrain,BHR,1850,0.0186,0.0186,0.0157,0,0,17,
Bosnia and Herzegovina,BIH,1850,0.0186,0.0186,0.0157,0,0.0001,18,
Belarus,BLR,1850,0.0186,0.0186,0.0157,0,0.0004,19,
Bolivia (Plurinational State of),BOL,1850,0.0186,0.0186,0.0157,0,0.0002,20,
Brazil,BRA,1850,0.0186,0.0186,0.0157,0,0.0011,21,
Brunei Darussalam,BRN,1850,0.0186,0.0186,0.0157,0,0,22,
Bhutan,BTN,1850,0.0186,0.0186,0.0157,0,0,23,
Botswana,BWA,1850,0.0186,0.0186,0.0157,0,0,24,
Central African Republic (the),CAF,1850,0.0186,0.0186,0.0157,0,0,25,
Canada,CAN,1850,0.0186,0.0186,0.0157,0,0.0013,26,
Switzerland,CHE,1850,0.0186,0.0186,0.0157,0,0.0003,27,
Chile,CHL,1850,0.0186,0.0186,0.0157,0,0.0001,28,
China,CHN,1850,0.0184,0.0186,0.0157,0.0002,0.0095,29,
Côte d'Ivoire,CIV,1850,0.0186,0.0186,0.0157,0,0,30,
Cameroon,CMR,1850,0.0186,0.0186,0.0157,0,0.0001,31,
Congo (the Democratic Republic of the),COD,1850,0.0186,0.0186,0.0157,0,0.0001,32,
Congo (the),COG,1850,0.0186,0.0186,0.0157,0,0,33,
Colombia,COL,1850,0.0186,0.0186,0.0157,0,0.0002,34,
Costa Rica,CRI,1850,0.0186,0.0186,0.0157,0,0,35,
Cuba,CUB,1850,0.0186,0.0186,0.0157,0,0.0001,36,
Cyprus,CYP,1850,0.0186,0.0186,0.0157,0,0,37,
Czechia,CZE,1850,0.0186,0.0186,0.0157,0,0.0004,38,
Germany,DEU,1850,0.0185,0.0186,0.0157,0.0001,0.0055,39,
Djibouti,DJI,1850,0.0186,0.0186,0.0157,0,0,40,
Denmark,DNK,1850,0.0186,0.0186,0.0157,0,0.0002,41,
Dominican Republic (the),DOM,1850,0.0186,0.0186,0.0157,0,0,42,
Algeria,DZA,1850,0.0186,0.0186,0.0157,0,0.0001,43,
Ecuador,ECU,1850,0.0186,0.0186,0.0157,0,0.0001,44,
Egypt,EGY,1850,0.0186,0.0186,0.0157,0,0.0002,45,
Eritrea,ERI,1850,0.0186,0.0186,0.0157,0,0,46,
Western Sahara,ESH,1850,0.0186,0.0186,0.0157,0,0,47,
Spain,ESP,1850,0.0186,0.0186,0.0157,0,0.001,48,
Estonia,EST,1850,0.0186,0.0186,0.0157,0,0.0001,49,
Ethiopia,ETH,1850,0.0186,0.0186,0.0157,0,0.0004,50,
Finland,FIN,1850,0.0186,0.0186,0.0157,0,0.0004,51,
France,FRA,1850,0.0184,0.0186,0.0157,0.0002,0.0083,52,
Gabon,GAB,1850,0.0186,0.0186,0.0157,0,0,53,
United Kingdom of Great Britain and Northern Ireland (the),GBR,1850,0.0181,0.0186,0.0157,0.0005,0.0278,54,
Georgia,GEO,1850,0.0186,0.0186,0.0157,0,0,55,
Guernsey,GGY,1850,0.0186,0.0186,0.0157,0,0,56,
Ghana,GHA,1850,0.0186,0.0186,0.0157,0,0,57,
Gibraltar,GIB,1850,0.0186,0.0186,0.0157,0,0,58,
Guinea,GIN,1850,0.0186,0.0186,0.0157,0,0.0001,59,
Gambia (the),GMB,1850,0.0186,0.0186,0.0157,0,0,60,
Equatorial Guinea,GNQ,1850,0.0186,0.0186,0.0157,0,0,61,
Greece,GRC,1850,0.0186,0.0186,0.0157,0,0.0002,62,
Greenland,GRL,1850,0.0186,0.0186,0.0157,0,0,63,
Guatemala,GTM,1850,0.0186,0.0186,0.0157,0,0.0001,64,
French Guiana,GUF,1850,0.0186,0.0186,0.0157,0,0,65,
Guyana,GUY,1850,0.0186,0.0186,0.0157,0,0,66,
Hong Kong,HKG,1850,0.0186,0.0186,0.0157,0,0,67,
Honduras,HND,1850,0.0186,0.0186,0.0157,0,0,68,
Croatia,HRV,1850,0.0186,0.0186,0.0157,0,0,69,
Haiti,HTI,1850,0.0186,0.0186,0.0157,0,0.0001,70,
Hungary,HUN,1850,0.0186,0.0186,0.0157,0,0.0005,71,
Indonesia,IDN,1850,0.0186,0.0186,0.0157,0,0.002,72,
Isle of Man,IMN,1850,0.0186,0.0186,0.0157,0,0,73,
India,IND,1850,0.0185,0.0186,0.0157,0.0001,0.0073,74,
Ireland,IRL,1850,0.0186,0.0186,0.0157,0,0.0018,75,
Iran (Islamic Republic of),IRN,1850,0.0186,0.0186,0.0157,0,0.0005,76,
Iraq,IRQ,1850,0.0186,0.0186,0.0157,0,0.0001,77,
Iceland,ISL,1850,0.0186,0.0186,0.0157,0,0,78,
Israel,ISR,1850,0.0186,0.0186,0.0157,0,0,79,
Italy,ITA,1850,0.0186,0.0186,0.0157,0,0.0014,80,
Jersey,JEY,1850,0.0186,0.0186,0.0157,0,0,81,
Jordan,JOR,1850,0.0186,0.0186,0.0157,0,0,82,
Japan,JPN,1850,0.0186,0.0186,0.0157,0,0.0008,83,
Kazakhstan,KAZ,1850,0.0186,0.0186,0.0157,0,0.0002,84,
Kenya,KEN,1850,0.0186,0.0186,0.0157,0,0.0002,85,
Kyrgyzstan,KGZ,1850,0.0186,0.0186,0.0157,0,0.0001,86,
Cambodia,KHM,1850,0.0186,0.0186,0.0157,0,0.0001,87,
Korea (the Republic of),KOR,1850,0.0186,0.0186,0.0157,0,0.0003,88,
Kuwait,KWT,1850,0.0186,0.0186,0.0157,0,0,89,
Lao People's Democratic Republic (the),LAO,1850,0.0186,0.0186,0.0157,0,0.0001,90,
Lebanon,LBN,1850,0.0186,0.0186,0.0157,0,0,91,
Liberia,LBR,1850,0.0186,0.0186,0.0157,0,0,92,
Libya,LBY,1850,0.0186,0.0186,0.0157,0,0,93,
Liechtenstein,LIE,1850,0.0186,0.0186,0.0157,0,0,94,
Sri Lanka,LKA,1850,0.0186,0.0186,0.0157,0,0.0001,95,
Lesotho,LSO,1850,0.0186,0.0186,0.0157,0,0,96,
Lithuania,LTU,1850,0.0186,0.0186,0.0157,0,0.0002,97,
Luxembourg,LUX,1850,0.0186,0.0186,0.0157,0,0,98,
Latvia,LVA,1850,0.0186,0.0186,0.0157,0,0.0003,99,
Macao,MAC,1850,0.0186,0.0186,0.0157,0,0,100,
Morocco,MAR,1850,0.0186,0.0186,0.0157,0,0.0002,101,
Monaco,MCO,1850,0.0186,0.0186,0.0157,0,0,102,
Moldova (the Republic of),MDA,1850,0.0186,0.0186,0.0157,0,0.0001,103,
Madagascar,MDG,1850,0.0186,0.0186,0.0157,0,0.0002,104,
Mexico,MEX,1850,0.0186,0.0186,0.0157,0,0.0007,105,
Republic of North Macedonia,MKD,1850,0.0186,0.0186,0.0157,0,0,106,
Mali,MLI,1850,0.0186,0.0186,0.0157,0,0.0002,107,
Myanmar,MMR,1850,0.0186,0.0186,0.0157,0,0.0005,108,
Montenegro,MNE,1850,0.0186,0.0186,0.0157,0,0,109,
Mongolia,MNG,1850,0.0186,0.0186,0.0157,0,0.0003,110,
Mozambique,MOZ,1850,0.0186,0.0186,0.0157,0,0.0001,111,
Mauritania,MRT,1850,0.0186,0.0186,0.0157,0,0.0001,112,
Malawi,MWI,1850,0.0186,0.0186,0.0157,0,0,113,
Malaysia,MYS,1850,0.0186,0.0186,0.0157,0,0.0002,114,
Namibia,NAM,1850,0.0186,0.0186,0.0157,0,0,115,
Niger (the),NER,1850,0.0186,0.0186,0.0157,0,0.0001,116,
Nigeria,NGA,1850,0.0186,0.0186,0.0157,0,0.0005,117,
Nicaragua,NIC,1850,0.0186,0.0186,0.0157,0,0,118,
Netherlands (the),NLD,1850,0.0186,0.0186,0.0157,0,0.0017,119,
Norway,NOR,1850,0.0186,0.0186,0.0157,0,0.0004,120,
Nepal,NPL,1850,0.0186,0.0186,0.0157,0,0.0001,121,
New Zealand,NZL,1850,0.0186,0.0186,0.0157,0,0.0005,122,
Oman,OMN,1850,0.0186,0.0186,0.0157,0,0,123,
Pakistan,PAK,1850,0.0186,0.0186,0.0157,0,0.0007,124,
Panama,PAN,1850,0.0186,0.0186,0.0157,0,0,125,
Peru,PER,1850,0.0186,0.0186,0.0157,0,0.0001,126,
Philippines (the),PHL,1850,0.0186,0.0186,0.0157,0,0.0004,127,
Papua New Guinea,PNG,1850,0.0186,0.0186,0.0157,0,0,128,
Poland,POL,1850,0.0185,0.0186,0.0157,0,0.0026,129,
Puerto Rico,PRI,1850,0.0186,0.0186,0.0157,0,0,130,
Korea (the Democratic People's Republic of),PRK,1850,0.0186,0.0186,0.0157,0,0.0004,131,
Portugal,PRT,1850,0.0186,0.0186,0.0157,0,0.0002,132,
Paraguay,PRY,1850,0.0186,0.0186,0.0157,0,0.0001,133,
"Palestine, State of",PSE,1850,0.0186,0.0186,0.0157,0,0,134,
Qatar,QAT,1850,0.0186,0.0186,0.0157,0,0,135,
Romania,ROU,1850,0.0186,0.0186,0.0157,0,0.0007,136,
Russian Federation (the),RUS,1850,0.0185,0.0186,0.0157,0.0001,0.0047,137,
Rwanda,RWA,1850,0.0186,0.0186,0.0157,0,0,138,
Saudi Arabia,SAU,1850,0.0186,0.0186,0.0157,0,0,139,
Sudan,SDN,1850,0.0186,0.0186,0.0157,0,0.0008,140,
Senegal,SEN,1850,0.0186,0.0186,0.0157,0,0.0001,141,
Singapore,SGP,1850,0.0186,0.0186,0.0157,0,0,142,
Svalbard and Jan Mayen,SJM,1850,0.0186,0.0186,0.0157,0,0,143,
Sierra Leone,SLE,1850,0.0186,0.0186,0.0157,0,0,144,
El Salvador,SLV,1850,0.0186,0.0186,0.0157,0,0,145,
Somalia,SOM,1850,0.0186,0.0186,0.0157,0,0.0002,146,
Serbia,SRB,1850,0.0186,0.0186,0.0157,0,0.0001,147,
Suriname,SUR,1850,0.0186,0.0186,0.0157,0,0,148,
Slovakia,SVK,1850,0.0186,0.0186,0.0157,0,0.0001,149,
Slovenia,SVN,1850,0.0186,0.0186,0.0157,0,0,150,
Sweden,SWE,1850,0.0186,0.0186,0.0157,0,0.0008,151,
Eswatini,SWZ,1850,0.0186,0.0186,0.0157,0,0,152,
Syrian Arab Republic,SYR,1850,0.0186,0.0186,0.0157,0,0.0001,153,
Chad,TCD,1850,0.0186,0.0186,0.0157,0,0.0001,154,
Togo,TGO,1850,0.0186,0.0186,0.0157,0,0,155,
Thailand,THA,1850,0.0186,0.0186,0.0157,0,0.0004,156,
Tajikistan,TJK,1850,0.0186,0.0186,0.0157,0,0,157,
Turkmenistan,TKM,1850,0.0186,0.0186,0.0157,0,0.0001,158,
Tunisia,TUN,1850,0.0186,0.0186,0.0157,0,0,159,
Turkey,TUR,1850,0.0186,0.0186,0.0157,0,0.0009,160,
Taiwan_Province of China,TWN,1850,0.0186,0.0186,0.0157,0,0,161,
"Tanzania, United Republic of",TZA,1850,0.0186,0.0186,0.0157,0,0.0002,162,
Uganda,UGA,1850,0.0186,0.0186,0.0157,0,0.0001,163,
Ukraine,UKR,1850,0.0186,0.0186,0.0157,0,0.0014,164,
Uruguay,URY,1850,0.0186,0.0186,0.0157,0,0.0001,165,
United States of America (the),USA,1850,0.0182,0.0186,0.0157,0.0004,0.0198,166,
Uzbekistan,UZB,1850,0.0186,0.0186,0.0157,0,0.0002,167,
Holy See,VAT,1850,0.0186,0.0186,0.0157,0,0,168,
Venezuela (Bolivarian Republic of),VEN,1850,0.0186,0.0186,0.0157,0,0.0001,169,
Viet Nam,VNM,1850,0.0186,0.0186,0.0157,0,0.0005,170,
Yemen,YEM,1850,0.0186,0.0186,0.0157,0,0.0001,171,
South Africa,ZAF,1850,0.0186,0.0186,0.0157,0,0.0001,172,
Zambia,ZMB,1850,0.0186,0.0186,0.0157,0,0,173,
Zimbabwe,ZWE,1850,0.0186,0.0186,0.0157,0,0,174,
Afghanistan,AFG,1960,0.3184,0.3191,0.2491,0.0007,0.0021,175,
Angola,AGO,1960,0.3187,0.3191,0.2491,0.0004,0.0012,176,
Albania,ALB,1960,0.319,0.3191,0.2491,0.0001,0.0003,177,
Andorra,AND,1960,0.3191,0.3191,0.2491,0,0,178,
United Arab Emirates (the),ARE,1960,0.3191,0.3191,0.2491,0,0,179,
Argentina,ARG,1960,0.3089,0.3191,0.2491,0.0102,0.0319,180,
Armenia,ARM,1960,0.319,0.3191,0.2491,0.0001,0.0002,181,
Australia,AUS,1960,0.3117,0.3191,0.2491,0.0074,0.0232,182,
Austria,AUT,1960,0.3172,0.3191,0.2491,0.0019,0.0058,183,
Azerbaijan,AZE,1960,0.3189,0.3191,0.2491,0.0002,0.0007,184,
Burundi,BDI,1960,0.3189,0.3191,0.2491,0.0002,0.0006,185,
Belgium,BEL,1960,0.3156,0.3191,0.2491,0.0035,0.011,186,
Benin,BEN,1960,0.3189,0.3191,0.2491,0.0002,0.0005,187,
Burkina Faso,BFA,1960,0.3188,0.3191,0.2491,0.0003,0.0008,188,
Bangladesh,BGD,1960,0.3165,0.3191,0.2491,0.0026,0.0083,189,
Bulgaria,BGR,1960,0.3182,0.3191,0.2491,0.0009,0.0027,190,
Bahrain,BHR,1960,0.3191,0.3191,0.2491,0,0.0001,191,
Bosnia and Herzegovina,BIH,1960,0.3189,0.3191,0.2491,0.0002,0.0007,192,
Belarus,BLR,1960,0.3175,0.3191,0.2491,0.0016,0.0049,193,
Bolivia (Plurinational State of),BOL,1960,0.3179,0.3191,0.2491,0.0012,0.0038,194,
Brazil,BRA,1960,0.3078,0.3191,0.2491,0.0113,0.0354,195,
Brunei Darussalam,BRN,1960,0.3191,0.3191,0.2491,0,0,196,
Bhutan,BTN,1960,0.319,0.3191,0.2491,0.0001,0.0002,197,
Botswana,BWA,1960,0.319,0.3191,0.2491,0.0001,0.0003,198,
Central African Republic (the),CAF,1960,0.319,0.3191,0.2491,0.0001,0.0003,199,
Canada,CAN,1960,0.3086,0.3191,0.2491,0.0105,0.0328,200,
Switzerland,CHE,1960,0.3185,0.3191,0.2491,0.0006,0.0019,201,
Chile,CHL,1960,0.3181,0.3191,0.2491,0.001,0.0033,202,
China,CHN,1960,0.2828,0.3191,0.2491,0.0363,0.1137,203,
Côte d'Ivoire,CIV,1960,0.3187,0.3191,0.2491,0.0004,0.0012,204,
Cameroon,CMR,1960,0.3188,0.3191,0.2491,0.0003,0.001,205,
Congo (the Democratic Republic of the),COD,1960,0.3186,0.3191,0.2491,0.0006,0.0017,206,
Congo (the),COG,1960,0.3191,0.3191,0.2491,0,0.0001,207,
Colombia,COL,1960,0.316,0.3191,0.2491,0.0031,0.0099,208,
Costa Rica,CRI,1960,0.319,0.3191,0.2491,0.0001,0.0004,209,
Cuba,CUB,1960,0.3171,0.3191,0.2491,0.002,0.0063,210,
Cyprus,CYP,1960,0.3191,0.3191,0.2491,0,0.0001,211,
Czechia,CZE,1960,0.3164,0.3191,0.2491,0.0028,0.0086,212,
Germany,DEU,1960,0.2963,0.3191,0.2491,0.0228,0.0713,213,
Djibouti,DJI,1960,0.3191,0.3191,0.2491,0,0,214,
Denmark,DNK,1960,0.3184,0.3191,0.2491,0.0007,0.0022,215,
Dominican Republic (the),DOM,1960,0.3187,0.3191,0.2491,0.0004,0.0012,216,
Algeria,DZA,1960,0.3177,0.3191,0.2491,0.0014,0.0043,217,
Ecuador,ECU,1960,0.3185,0.3191,0.2491,0.0006,0.002,218,
Egypt,EGY,1960,0.3179,0.3191,0.2491,0.0012,0.0039,219,
Eritrea,ERI,1960,0.3191,0.3191,0.2491,0,0.0001,220,
Western Sahara,ESH,1960,0.3191,0.3191,0.2491,0,0,221,
Spain,ESP,1960,0.317,0.3191,0.2491,0.0021,0.0065,222,
Estonia,EST,1960,0.3188,0.3191,0.2491,0.0003,0.001,223,
Ethiopia,ETH,1960,0.3173,0.3191,0.2491,0.0018,0.0056,224,
Finland,FIN,1960,0.3183,0.3191,0.2491,0.0008,0.0026,225,
France,FRA,1960,0.3051,0.3191,0.2491,0.014,0.044,226,
Gabon,GAB,1960,0.3191,0.3191,0.2491,0,0.0001,227,
United Kingdom of Great Britain and Northern Ireland (the),GBR,1960,0.2899,0.3191,0.2491,0.0292,0.0914,228,
Georgia,GEO,1960,0.3188,0.3191,0.2491,0.0003,0.0009,229,
Guernsey,GGY,1960,0.3191,0.3191,0.2491,0,0,230,
Ghana,GHA,1960,0.3188,0.3191,0.2491,0.0003,0.0009,231,
Gibraltar,GIB,1960,0.3191,0.3191,0.2491,0,0,232,
Guinea,GIN,1960,0.3186,0.3191,0.2491,0.0005,0.0017,233,
Gambia (the),GMB,1960,0.3191,0.3191,0.2491,0,0.0001,234,
Equatorial Guinea,GNQ,1960,0.3191,0.3191,0.2491,0,0.0001,235,
Greece,GRC,1960,0.3186,0.3191,0.2491,0.0006,0.0017,236,
Greenland,GRL,1960,0.3191,0.3191,0.2491,0,0,237,
Guatemala,GTM,1960,0.3188,0.3191,0.2491,0.0003,0.0009,238,
French Guiana,GUF,1960,0.3191,0.3191,0.2491,0,0,239,
Guyana,GUY,1960,0.3188,0.3191,0.2491,0.0003,0.0008,240,
Hong Kong,HKG,1960,0.3191,0.3191,0.2491,0,0.0001,241,
Honduras,HND,1960,0.3189,0.3191,0.2491,0.0002,0.0007,242,
Croatia,HRV,1960,0.3189,0.3191,0.2491,0.0002,0.0007,243,
Haiti,HTI,1960,0.3188,0.3191,0.2491,0.0003,0.0009,244,
Hungary,HUN,1960,0.3178,0.3191,0.2491,0.0013,0.0041,245,
Indonesia,IDN,1960,0.3073,0.3191,0.2491,0.0118,0.0369,246,
Isle of Man,IMN,1960,0.3191,0.3191,0.2491,0,0,247,
India,IND,1960,0.2937,0.3191,0.2491,0.0254,0.0797,248,
Ireland,IRL,1960,0.3175,0.3191,0.2491,0.0016,0.0051,249,
Iran (Islamic Republic of),IRN,1960,0.3177,0.3191,0.2491,0.0014,0.0044,250,
Iraq,IRQ,1960,0.318,0.3191,0.2491,0.0011,0.0035,251,
Iceland,ISL,1960,0.3191,0.3191,0.2491,0,0.0001,252,
Israel,ISR,1960,0.319,0.3191,0.2491,0.0001,0.0003,253,
Italy,ITA,1960,0.3156,0.3191,0.2491,0.0035,0.011,254,
Jersey,JEY,1960,0.3191,0.3191,0.2491,0,0,255,
Jordan,JOR,1960,0.3191,0.3191,0.2491,0,0.0001,256,
Japan,JPN,1960,0.3133,0.3191,0.2491,0.0058,0.0181,257,
Kazakhstan,KAZ,1960,0.3154,0.3191,0.2491,0.0037,0.0115,258,
Kenya,KEN,1960,0.3186,0.3191,0.2491,0.0005,0.0017,259,
Kyrgyzstan,KGZ,1960,0.3189,0.3191,0.2491,0.0002,0.0008,260,
Cambodia,KHM,1960,0.3183,0.3191,0.2491,0.0008,0.0025,261,
Korea (the Republic of),KOR,1960,0.3171,0.3191,0.2491,0.002,0.0063,262,
Kuwait,KWT,1960,0.3187,0.3191,0.2491,0.0004,0.0013,263,
Lao People's Democratic Republic (the),LAO,1960,0.3188,0.3191,0.2491,0.0003,0.001,264,
Lebanon,LBN,1960,0.3191,0.3191,0.2491,0,0.0001,265,
Liberia,LBR,1960,0.319,0.3191,0.2491,0.0001,0.0003,266,
Libya,LBY,1960,0.3186,0.3191,0.2491,0.0005,0.0014,267,
Liechtenstein,LIE,1960,0.3191,0.3191,0.2491,0,0,268,
Sri Lanka,LKA,1960,0.3187,0.3191,0.2491,0.0004,0.0012,269,
Lesotho,LSO,1960,0.319,0.3191,0.2491,0.0001,0.0002,270,
Lithuania,LTU,1960,0.3185,0.3191,0.2491,0.0006,0.0019,271,
Luxembourg,LUX,1960,0.319,0.3191,0.2491,0.0001,0.0003,272,
Latvia,LVA,1960,0.3187,0.3191,0.2491,0.0004,0.0012,273,
Macao,MAC,1960,0.3191,0.3191,0.2491,0,0,274,
Morocco,MAR,1960,0.3182,0.3191,0.2491,0.0009,0.0029,275,
Monaco,MCO,1960,0.3191,0.3191,0.2491,0,0,276,
Moldova (the Republic of),MDA,1960,0.3187,0.3191,0.2491,0.0004,0.0013,277,
Madagascar,MDG,1960,0.3182,0.3191,0.2491,0.0009,0.0028,278,
Mexico,MEX,1960,0.3155,0.3191,0.2491,0.0036,0.0113,279,
Republic of North Macedonia,MKD,1960,0.319,0.3191,0.2491,0.0001,0.0004,280,
Mali,MLI,1960,0.3187,0.3191,0.2491,0.0004,0.0014,281,
Myanmar,MMR,1960,0.3162,0.3191,0.2491,0.0029,0.0091,282,
Montenegro,MNE,1960,0.3191,0.3191,0.2491,0,0.0001,283,
Mongolia,MNG,1960,0.3185,0.3191,0.2491,0.0006,0.0018,284,
Mozambique,MOZ,1960,0.3188,0.3191,0.2491,0.0003,0.0011,285,
Mauritania,MRT,1960,0.3189,0.3191,0.2491,0.0002,0.0005,286,
Malawi,MWI,1960,0.3189,0.3191,0.2491,0.0002,0.0006,287,
Malaysia,MYS,1960,0.3181,0.3191,0.2491,0.001,0.0031,288,
Namibia,NAM,1960,0.319,0.3191,0.2491,0.0001,0.0004,289,
Niger (the),NER,1960,0.3184,0.3191,0.2491,0.0007,0.0022,290,
Nigeria,NGA,1960,0.3168,0.3191,0.2491,0.0023,0.0073,291,
Nicaragua,NIC,1960,0.3189,0.3191,0.2491,0.0002,0.0008,292,
Netherlands (the),NLD,1960,0.3163,0.3191,0.2491,0.0028,0.0088,293,
Norway,NOR,1960,0.318,0.3191,0.2491,0.0012,0.0036,294,
Nepal,NPL,1960,0.3183,0.3191,0.2491,0.0008,0.0026,295,
New Zealand,NZL,1960,0.3168,0.3191,0.2491,0.0023,0.0072,296,
Oman,OMN,1960,0.3191,0.3191,0.2491,0,0,297,
Pakistan,PAK,1960,0.3167,0.3191,0.2491,0.0024,0.0075,298,
Panama,PAN,1960,0.319,0.3191,0.2491,0.0001,0.0004,299,
Peru,PER,1960,0.3178,0.3191,0.2491,0.0013,0.0041,300,
Philippines (the),PHL,1960,0.316,0.3191,0.2491,0.0031,0.0098,301,
Papua New Guinea,PNG,1960,0.3189,0.3191,0.2491,0.0002,0.0005,302,
Poland,POL,1960,0.3132,0.3191,0.2491,0.0059,0.0185,303,
Puerto Rico,PRI,1960,0.319,0.3191,0.2491,0.0001,0.0002,304,
Korea (the Democratic People's Republic of),PRK,1960,0.3184,0.3191,0.2491,0.0007,0.0023,305,
Portugal,PRT,1960,0.3184,0.3191,0.2491,0.0007,0.0021,306,
Paraguay,PRY,1960,0.3186,0.3191,0.2491,0.0005,0.0015,307,
"Palestine, State of",PSE,1960,0.3191,0.3191,0.2491,0,0,308,
Qatar,QAT,1960,0.319,0.3191,0.2491,0.0001,0.0002,309,
Romania,ROU,1960,0.3153,0.3191,0.2491,0.0038,0.0119,310,
Russian Federation (the),RUS,1960,0.2873,0.3191,0.2491,0.0318,0.0996,311,
Rwanda,RWA,1960,0.319,0.3191,0.2491,0.0001,0.0003,312,
Saudi Arabia,SAU,1960,0.3183,0.3191,0.2491,0.0009,0.0027,313,
Sudan,SDN,1960,0.3174,0.3191,0.2491,0.0017,0.0054,314,
Senegal,SEN,1960,0.3188,0.3191,0.2491,0.0003,0.0008,315,
Singapore,SGP,1960,0.3189,0.3191,0.2491,0.0002,0.0007,316,
Svalbard and Jan Mayen,SJM,1960,0.3191,0.3191,0.2491,0,0,317,
Sierra Leone,SLE,1960,0.319,0.3191,0.2491,0.0001,0.0004,318,
El Salvador,SLV,1960,0.319,0.3191,0.2491,0.0001,0.0004,319,
Somalia,SOM,1960,0.3185,0.3191,0.2491,0.0006,0.0018,320,
Serbia,SRB,1960,0.3185,0.3191,0.2491,0.0006,0.0018,321,
Suriname,SUR,1960,0.3191,0.3191,0.2491,0,0.0001,322,
Slovakia,SVK,1960,0.3185,0.3191,0.2491,0.0006,0.0018,323,
Slovenia,SVN,1960,0.3189,0.3191,0.2491,0.0002,0.0005,324,
Sweden,SWE,1960,0.3174,0.3191,0.2491,0.0017,0.0054,325,
Eswatini,SWZ,1960,0.3191,0.3191,0.2491,0,0.0001,326,
Syrian Arab Republic,SYR,1960,0.3189,0.3191,0.2491,0.0002,0.0007,327,
Chad,TCD,1960,0.3188,0.3191,0.2491,0.0003,0.0009,328,
Togo,TGO,1960,0.3191,0.3191,0.2491,0,0.0001,329,
Thailand,THA,1960,0.316,0.3191,0.2491,0.0031,0.0098,330,
Tajikistan,TJK,1960,0.319,0.3191,0.2491,0.0001,0.0004,331,
Turkmenistan,TKM,1960,0.3189,0.3191,0.2491,0.0002,0.0006,332,
Tunisia,TUN,1960,0.3187,0.3191,0.2491,0.0004,0.0012,333,
Turkey,TUR,1960,0.3178,0.3191,0.2491,0.0013,0.004,334,
Taiwan_Province of China,TWN,1960,0.3187,0.3191,0.2491,0.0004,0.0013,335,
"Tanzania, United Republic of",TZA,1960,0.3179,0.3191,0.2491,0.0012,0.0037,336,
Uganda,UGA,1960,0.3186,0.3191,0.2491,0.0005,0.0017,337,
Ukraine,UKR,1960,0.3104,0.3191,0.2491,0.0087,0.0273,338,
Uruguay,URY,1960,0.3177,0.3191,0.2491,0.0014,0.0043,339,
United States of America (the),USA,1960,0.2032,0.3191,0.2491,0.1159,0.3631,340,
Uzbekistan,UZB,1960,0.3185,0.3191,0.2491,0.0006,0.0019,341,
Holy See,VAT,1960,0.3191,0.3191,0.2491,0,0,342,
Venezuela (Bolivarian Republic of),VEN,1960,0.3106,0.3191,0.2491,0.0085,0.0266,343,
Viet Nam,VNM,1960,0.3169,0.3191,0.2491,0.0022,0.0069,344,
Yemen,YEM,1960,0.3189,0.3191,0.2491,0.0002,0.0006,345,
South Africa,ZAF,1960,0.3153,0.3191,0.2491,0.0038,0.012,346,
Zambia,ZMB,1960,0.3189,0.3191,0.2491,0.0002,0.0006,347,
Zimbabwe,ZWE,1960,0.3188,0.3191,0.2491,0.0003,0.0009,348,
Afghanistan,AFG,1990,0.719,0.7201,0.219,0.0012,0.0016,349,
Angola,AGO,1990,0.7193,0.7201,0.219,0.0009,0.0012,350,
Albania,ALB,1990,0.7199,0.7201,0.219,0.0003,0.0004,351,
Andorra,AND,1990,0.7201,0.7201,0.219,0,0,352,
United Arab Emirates (the),ARE,1990,0.7194,0.7201,0.219,0.0008,0.0011,353,
Argentina,ARG,1990,0.7067,0.7201,0.219,0.0134,0.0186,354,
Armenia,ARM,1990,0.7199,0.7201,0.219,0.0002,0.0003,355,
Australia,AUS,1990,0.7068,0.7201,0.219,0.0133,0.0185,356,
Austria,AUT,1990,0.7174,0.7201,0.219,0.0027,0.0038,357,
Azerbaijan,AZE,1990,0.719,0.7201,0.219,0.0011,0.0015,358,
Burundi,BDI,1990,0.7198,0.7201,0.219,0.0003,0.0004,359,
Belgium,BEL,1990,0.7148,0.7201,0.219,0.0054,0.0075,360,
Benin,BEN,1990,0.7198,0.7201,0.219,0.0003,0.0005,361,
Burkina Faso,BFA,1990,0.7196,0.7201,0.219,0.0005,0.0007,362,
Bangladesh,BGD,1990,0.7161,0.7201,0.219,0.004,0.0055,363,
Bulgaria,BGR,1990,0.7178,0.7201,0.219,0.0023,0.0032,364,
Bahrain,BHR,1990,0.72,0.7201,0.219,0.0002,0.0002,365,
Bosnia and Herzegovina,BIH,1990,0.7194,0.7201,0.219,0.0007,0.0009,366,
Belarus,BLR,1990,0.7161,0.7201,0.219,0.004,0.0055,367,
Bolivia (Plurinational State of),BOL,1990,0.7182,0.7201,0.219,0.0019,0.0027,368,
Brazil,BRA,1990,0.6937,0.7201,0.219,0.0265,0.0368,369,
Brunei Darussalam,BRN,1990,0.72,0.7201,0.219,0.0001,0.0001,370,
Bhutan,BTN,1990,0.72,0.7201,0.219,0.0001,0.0001,371,
Botswana,BWA,1990,0.7199,0.7201,0.219,0.0002,0.0003,372,
Central African Republic (the),CAF,1990,0.7199,0.7201,0.219,0.0002,0.0003,373,
Canada,CAN,1990,0.7018,0.7201,0.219,0.0184,0.0255,374,
Switzerland,CHE,1990,0.7188,0.7201,0.219,0.0013,0.0018,375,
Chile,CHL,1990,0.7183,0.7201,0.219,0.0018,0.0025,376,
China,CHN,1990,0.6478,0.7201,0.219,0.0723,0.1004,377,
Côte d'Ivoire,CIV,1990,0.7185,0.7201,0.219,0.0016,0.0022,378,
Cameroon,CMR,1990,0.7194,0.7201,0.219,0.0007,0.001,379,
Congo (the Democratic Republic of the),COD,1990,0.7191,0.7201,0.219,0.0011,0.0015,380,
Congo (the),COG,1990,0.72,0.7201,0.219,0.0001,0.0002,381,
Colombia,COL,1990,0.7145,0.7201,0.219,0.0056,0.0078,382,
Costa Rica,CRI,1990,0.7198,0.7201,0.219,0.0003,0.0004,383,
Cuba,CUB,1990,0.7173,0.7201,0.219,0.0029,0.004,384,
Cyprus,CYP,1990,0.72,0.7201,0.219,0.0001,0.0001,385,
Czechia,CZE,1990,0.7147,0.7201,0.219,0.0054,0.0075,386,
Germany,DEU,1990,0.6808,0.7201,0.219,0.0393,0.0546,387,
Djibouti,DJI,1990,0.7201,0.7201,0.219,0,0,388,
Denmark,DNK,1990,0.7184,0.7201,0.219,0.0017,0.0024,389,
Dominican Republic (the),DOM,1990,0.7194,0.7201,0.219,0.0007,0.001,390,
Algeria,DZA,1990,0.714,0.7201,0.219,0.0061,0.0085,391,
Ecuador,ECU,1990,0.7182,0.7201,0.219,0.0019,0.0026,392,
Egypt,EGY,1990,0.7175,0.7201,0.219,0.0026,0.0036,393,
Eritrea,ERI,1990,0.7201,0.7201,0.219,0,0.0001,394,
Western Sahara,ESH,1990,0.7201,0.7201,0.219,0,0,395,
Spain,ESP,1990,0.7149,0.7201,0.219,0.0052,0.0072,396,
Estonia,EST,1990,0.7193,0.7201,0.219,0.0008,0.0011,397,
Ethiopia,ETH,1990,0.7175,0.7201,0.219,0.0026,0.0036,398,
Finland,FIN,1990,0.7185,0.7201,0.219,0.0016,0.0022,399,
France,FRA,1990,0.6995,0.7201,0.219,0.0206,0.0286,400,
Gabon,GAB,1990,0.7198,0.7201,0.219,0.0003,0.0004,401,
United Kingdom of Great Britain and Northern Ireland (the),GBR,1990,0.6816,0.7201,0.219,0.0386,0.0536,402,
Georgia,GEO,1990,0.7195,0.7201,0.219,0.0007,0.0009,403,
Guernsey,GGY,1990,0.7201,0.7201,0.219,0,0,404,
Ghana,GHA,1990,0.7196,0.7201,0.219,0.0005,0.0007,405,
Gibraltar,GIB,1990,0.7201,0.7201,0.219,0,0,406,
Guinea,GIN,1990,0.7196,0.7201,0.219,0.0006,0.0008,407,
Gambia (the),GMB,1990,0.7201,0.7201,0.219,0,0.0001,408,
Equatorial Guinea,GNQ,1990,0.7201,0.7201,0.219,0,0.0001,409,
Greece,GRC,1990,0.7186,0.7201,0.219,0.0015,0.0021,410,
Greenland,GRL,1990,0.7201,0.7201,0.219,0,0,411,
Guatemala,GTM,1990,0.7196,0.7201,0.219,0.0006,0.0008,412,
French Guiana,GUF,1990,0.7201,0.7201,0.219,0,0,413,
Guyana,GUY,1990,0.7198,0.7201,0.219,0.0003,0.0004,414,
Hong Kong,HKG,1990,0.7197,0.7201,0.219,0.0004,0.0005,415,
Honduras,HND,1990,0.7197,0.7201,0.219,0.0004,0.0006,416,
Croatia,HRV,1990,0.7195,0.7201,0.219,0.0006,0.0008,417,
Haiti,HTI,1990,0.7198,0.7201,0.219,0.0004,0.0005,418,
Hungary,HUN,1990,0.7175,0.7201,0.219,0.0026,0.0037,419,
Indonesia,IDN,1990,0.6974,0.7201,0.219,0.0227,0.0316,420,
Isle of Man,IMN,1990,0.7201,0.7201,0.219,0,0,421,
India,IND,1990,0.6798,0.7201,0.219,0.0403,0.056,422,
Ireland,IRL,1990,0.7183,0.7201,0.219,0.0018,0.0025,423,
Iran (Islamic Republic of),IRN,1990,0.7147,0.7201,0.219,0.0054,0.0076,424,
Iraq,IRQ,1990,0.7178,0.7201,0.219,0.0024,0.0033,425,
Iceland,ISL,1990,0.7201,0.7201,0.219,0.0001,0.0001,426,
Israel,ISR,1990,0.7196,0.7201,0.219,0.0005,0.0007,427,
Italy,ITA,1990,0.7105,0.7201,0.219,0.0097,0.0134,428,
Jersey,JEY,1990,0.7201,0.7201,0.219,0,0,429,
Jordan,JOR,1990,0.72,0.7201,0.219,0.0001,0.0002,430,
Japan,JPN,1990,0.7,0.7201,0.219,0.0201,0.0279,431,
Kazakhstan,KAZ,1990,0.7092,0.7201,0.219,0.0109,0.0152,432,
Kenya,KEN,1990,0.7185,0.7201,0.219,0.0016,0.0022,433,
Kyrgyzstan,KGZ,1990,0.7195,0.7201,0.219,0.0007,0.0009,434,
Cambodia,KHM,1990,0.7192,0.7201,0.219,0.0009,0.0013,435,
Korea (the Republic of),KOR,1990,0.716,0.7201,0.219,0.0041,0.0058,436,
Kuwait,KWT,1990,0.7186,0.7201,0.219,0.0015,0.0021,437,
Lao People's Democratic Republic (the),LAO,1990,0.7196,0.7201,0.219,0.0005,0.0007,438,
Lebanon,LBN,1990,0.72,0.7201,0.219,0.0002,0.0002,439,
Liberia,LBR,1990,0.72,0.7201,0.219,0.0001,0.0002,440,
Libya,LBY,1990,0.7158,0.7201,0.219,0.0044,0.0061,441,
Liechtenstein,LIE,1990,0.7201,0.7201,0.219,0,0,442,
Sri Lanka,LKA,1990,0.7194,0.7201,0.219,0.0007,0.001,443,
Lesotho,LSO,1990,0.72,0.7201,0.219,0.0001,0.0001,444,
Lithuania,LTU,1990,0.719,0.7201,0.219,0.0011,0.0016,445,
Luxembourg,LUX,1990,0.7198,0.7201,0.219,0.0003,0.0004,446,
Latvia,LVA,1990,0.7194,0.7201,0.219,0.0007,0.001,447,
Macao,MAC,1990,0.7201,0.7201,0.219,0,0,448,
Morocco,MAR,1990,0.7187,0.7201,0.219,0.0014,0.002,449,
Monaco,MCO,1990,0.7201,0.7201,0.219,0,0,450,
Moldova (the Republic of),MDA,1990,0.7192,0.7201,0.219,0.0009,0.0013,451,
Madagascar,MDG,1990,0.7186,0.7201,0.219,0.0015,0.0021,452,
Mexico,MEX,1990,0.7105,0.7201,0.219,0.0096,0.0134,453,
Republic of North Macedonia,MKD,1990,0.7198,0.7201,0.219,0.0003,0.0004,454,
Mali,MLI,1990,0.7196,0.7201,0.219,0.0005,0.0007,455,
Myanmar,MMR,1990,0.7154,0.7201,0.219,0.0047,0.0066,456,
Montenegro,MNE,1990,0.7201,0.7201,0.219,0.0001,0.0001,457,
Mongolia,MNG,1990,0.7192,0.7201,0.219,0.001,0.0014,458,
Mozambique,MOZ,1990,0.7195,0.7201,0.219,0.0006,0.0008,459,
Mauritania,MRT,1990,0.7199,0.7201,0.219,0.0003,0.0004,460,
Malawi,MWI,1990,0.7198,0.7201,0.219,0.0003,0.0005,461,
Malaysia,MYS,1990,0.7175,0.7201,0.219,0.0026,0.0036,462,
Namibia,NAM,1990,0.72,0.7201,0.219,0.0002,0.0002,463,
Niger (the),NER,1990,0.7193,0.7201,0.219,0.0008,0.0012,464,
Nigeria,NGA,1990,0.7129,0.7201,0.219,0.0072,0.01,465,
Nicaragua,NIC,1990,0.7197,0.7201,0.219,0.0004,0.0006,466,
Netherlands (the),NLD,1990,0.7145,0.7201,0.219,0.0056,0.0078,467,
Norway,NOR,1990,0.7184,0.7201,0.219,0.0017,0.0024,468,
Nepal,NPL,1990,0.7188,0.7201,0.219,0.0013,0.0018,469,
New Zealand,NZL,1990,0.717,0.7201,0.219,0.0031,0.0044,470,
Oman,OMN,1990,0.7195,0.7201,0.219,0.0006,0.0009,471,
Pakistan,PAK,1990,0.7155,0.7201,0.219,0.0047,0.0065,472,
Panama,PAN,1990,0.7199,0.7201,0.219,0.0003,0.0004,473,
Peru,PER,1990,0.7177,0.7201,0.219,0.0024,0.0033,474,
Philippines (the),PHL,1990,0.7146,0.7201,0.219,0.0055,0.0076,475,
Papua New Guinea,PNG,1990,0.7198,0.7201,0.219,0.0003,0.0005,476,
Poland,POL,1990,0.7082,0.7201,0.219,0.0119,0.0166,477,
Puerto Rico,PRI,1990,0.72,0.7201,0.219,0.0001,0.0001,478,
Korea (the Democratic People's Republic of),PRK,1990,0.7175,0.7201,0.219,0.0026,0.0036,479,
Portugal,PRT,1990,0.7189,0.7201,0.219,0.0012,0.0017,480,
Paraguay,PRY,1990,0.719,0.7201,0.219,0.0011,0.0016,481,
"Palestine, State of",PSE,1990,0.7201,0.7201,0.219,0,0,482,
Qatar,QAT,1990,0.7196,0.7201,0.219,0.0005,0.0007,483,
Romania,ROU,1990,0.7125,0.7201,0.219,0.0076,0.0105,484,
Russian Federation (the),RUS,1990,0.6304,0.7201,0.219,0.0897,0.1246,485,
Rwanda,RWA,1990,0.7199,0.7201,0.219,0.0003,0.0004,486,
Saudi Arabia,SAU,1990,0.7157,0.7201,0.219,0.0045,0.0062,487,
Sudan,SDN,1990,0.7176,0.7201,0.219,0.0026,0.0035,488,
Senegal,SEN,1990,0.7197,0.7201,0.219,0.0004,0.0005,489,
Singapore,SGP,1990,0.7198,0.7201,0.219,0.0003,0.0005,490,
Svalbard and Jan Mayen,SJM,1990,0.7201,0.7201,0.219,0,0,491,
Sierra Leone,SLE,1990,0.7199,0.7201,0.219,0.0002,0.0003,492,
El Salvador,SLV,1990,0.7199,0.7201,0.219,0.0003,0.0004,493,
Somalia,SOM,1990,0.7192,0.7201,0.219,0.001,0.0013,494,
Serbia,SRB,1990,0.7189,0.7201,0.219,0.0012,0.0017,495,
Suriname,SUR,1990,0.7201,0.7201,0.219,0.0001,0.0001,496,
Slovakia,SVK,1990,0.7187,0.7201,0.219,0.0014,0.0019,497,
Slovenia,SVN,1990,0.7198,0.7201,0.219,0.0003,0.0004,498,
Sweden,SWE,1990,0.7172,0.7201,0.219,0.003,0.0041,499,
Eswatini,SWZ,1990,0.7201,0.7201,0.219,0.0001,0.0001,500,
Syrian Arab Republic,SYR,1990,0.7193,0.7201,0.219,0.0008,0.0011,501,
Chad,TCD,1990,0.7197,0.7201,0.219,0.0004,0.0006,502,
Togo,TGO,1990,0.72,0.7201,0.219,0.0001,0.0002,503,
Thailand,THA,1990,0.7137,0.7201,0.219,0.0064,0.0089,504,
Tajikistan,TJK,1990,0.7197,0.7201,0.219,0.0004,0.0005,505,
Turkmenistan,TKM,1990,0.7185,0.7201,0.219,0.0016,0.0022,506,
Tunisia,TUN,1990,0.7195,0.7201,0.219,0.0006,0.0009,507,
Turkey,TUR,1990,0.7161,0.7201,0.219,0.004,0.0055,508,
Taiwan_Province of China,TWN,1990,0.7185,0.7201,0.219,0.0016,0.0023,509,
"Tanzania, United Republic of",TZA,1990,0.7177,0.7201,0.219,0.0024,0.0033,510,
Uganda,UGA,1990,0.7191,0.7201,0.219,0.0011,0.0015,511,
Ukraine,UKR,1990,0.6978,0.7201,0.219,0.0223,0.031,512,
Uruguay,URY,1990,0.7185,0.7201,0.219,0.0016,0.0023,513,
United States of America (the),USA,1990,0.5397,0.7201,0.219,0.1805,0.2506,514,
Uzbekistan,UZB,1990,0.7178,0.7201,0.219,0.0023,0.0032,515,
Holy See,VAT,1990,0.7201,0.7201,0.219,0,0,516,
Venezuela (Bolivarian Republic of),VEN,1990,0.7065,0.7201,0.219,0.0137,0.019,517,
Viet Nam,VNM,1990,0.7164,0.7201,0.219,0.0037,0.0051,518,
Yemen,YEM,1990,0.7198,0.7201,0.219,0.0004,0.0005,519,
South Africa,ZAF,1990,0.7121,0.7201,0.219,0.008,0.0112,520,
Zambia,ZMB,1990,0.7197,0.7201,0.219,0.0005,0.0007,521,
Zimbabwe,ZWE,1990,0.7195,0.7201,0.219,0.0007,0.0009,522,
Afghanistan,AFG,2014,1.3237,1.3251,0.2627,0.0014,0.001,523,
Angola,AGO,2014,1.3233,1.3251,0.2627,0.0018,0.0013,524,
Albania,ALB,2014,1.3248,1.3251,0.2627,0.0003,0.0002,525,
Andorra,AND,2014,1.3251,1.3251,0.2627,0,0,526,
United Arab Emirates (the),ARE,2014,1.3222,1.3251,0.2627,0.0029,0.0022,527,
Argentina,ARG,2014,1.3058,1.3251,0.2627,0.0193,0.0145,528,
Armenia,ARM,2014,1.3248,1.3251,0.2627,0.0003,0.0002,529,
Australia,AUS,2014,1.3071,1.3251,0.2627,0.018,0.0136,530,
Austria,AUT,2014,1.3218,1.3251,0.2627,0.0033,0.0025,531,
Azerbaijan,AZE,2014,1.3234,1.3251,0.2627,0.0017,0.0013,532,
Burundi,BDI,2014,1.3247,1.3251,0.2627,0.0004,0.0003,533,
Belgium,BEL,2014,1.3187,1.3251,0.2627,0.0064,0.0048,534,
Benin,BEN,2014,1.3244,1.3251,0.2627,0.0007,0.0005,535,
Burkina Faso,BFA,2014,1.3241,1.3251,0.2627,0.001,0.0008,536,
Bangladesh,BGD,2014,1.3194,1.3251,0.2627,0.0057,0.0043,537,
Bulgaria,BGR,2014,1.3226,1.3251,0.2627,0.0025,0.0019,538,
Bahrain,BHR,2014,1.3246,1.3251,0.2627,0.0005,0.0004,539,
Bosnia and Herzegovina,BIH,2014,1.3242,1.3251,0.2627,0.0008,0.0006,540,
Belarus,BLR,2014,1.3207,1.3251,0.2627,0.0044,0.0033,541,
Bolivia (Plurinational State of),BOL,2014,1.3218,1.3251,0.2627,0.0033,0.0025,542,
Brazil,BRA,2014,1.2805,1.3251,0.2627,0.0446,0.0337,543,
Brunei Darussalam,BRN,2014,1.3248,1.3251,0.2627,0.0003,0.0002,544,
Bhutan,BTN,2014,1.3249,1.3251,0.2627,0.0001,0.0001,545,
Botswana,BWA,2014,1.3246,1.3251,0.2627,0.0005,0.0004,546,
Central African Republic (the),CAF,2014,1.3247,1.3251,0.2627,0.0003,0.0003,547,
Canada,CAN,2014,1.2993,1.3251,0.2627,0.0258,0.0195,548,
Switzerland,CHE,2014,1.3234,1.3251,0.2627,0.0017,0.0013,549,
Chile,CHL,2014,1.3223,1.3251,0.2627,0.0028,0.0021,550,
China,CHN,2014,1.1588,1.3251,0.2627,0.1663,0.1255,551,
Côte d'Ivoire,CIV,2014,1.3232,1.3251,0.2627,0.0019,0.0014,552,
Cameroon,CMR,2014,1.3236,1.3251,0.2627,0.0015,0.0011,553,
Congo (the Democratic Republic of the),COD,2014,1.3221,1.3251,0.2627,0.003,0.0022,554,
Congo (the),COG,2014,1.3247,1.3251,0.2627,0.0004,0.0003,555,
Colombia,COL,2014,1.3165,1.3251,0.2627,0.0086,0.0065,556,
Costa Rica,CRI,2014,1.3247,1.3251,0.2627,0.0004,0.0003,557,
Cuba,CUB,2014,1.3221,1.3251,0.2627,0.003,0.0023,558,
Cyprus,CYP,2014,1.3249,1.3251,0.2627,0.0002,0.0001,559,
Czechia,CZE,2014,1.319,1.3251,0.2627,0.0061,0.0046,560,
Germany,DEU,2014,1.28,1.3251,0.2627,0.045,0.034,561,
Djibouti,DJI,2014,1.325,1.3251,0.2627,0,0,562,
Denmark,DNK,2014,1.3229,1.3251,0.2627,0.0022,0.0017,563,
Dominican Republic (the),DOM,2014,1.3241,1.3251,0.2627,0.001,0.0008,564,
Algeria,DZA,2014,1.3163,1.3251,0.2627,0.0088,0.0067,565,
Ecuador,ECU,2014,1.3217,1.3251,0.2627,0.0034,0.0026,566,
Egypt,EGY,2014,1.3194,1.3251,0.2627,0.0057,0.0043,567,
Eritrea,ERI,2014,1.3249,1.3251,0.2627,0.0002,0.0001,568,
Western Sahara,ESH,2014,1.3251,1.3251,0.2627,0,0,569,
Spain,ESP,2014,1.3164,1.3251,0.2627,0.0087,0.0066,570,
Estonia,EST,2014,1.3242,1.3251,0.2627,0.0009,0.0007,571,
Ethiopia,ETH,2014,1.3229,1.3251,0.2627,0.0022,0.0017,572,
Finland,FIN,2014,1.3229,1.3251,0.2627,0.0022,0.0017,573,
France,FRA,2014,1.3021,1.3251,0.2627,0.023,0.0173,574,
Gabon,GAB,2014,1.3245,1.3251,0.2627,0.0006,0.0005,575,
United Kingdom of Great Britain and Northern Ireland (the),GBR,2014,1.2833,1.3251,0.2627,0.0418,0.0316,576,
Georgia,GEO,2014,1.3244,1.3251,0.2627,0.0007,0.0005,577,
Guernsey,GGY,2014,1.3251,1.3251,0.2627,0,0,578,
Ghana,GHA,2014,1.3241,1.3251,0.2627,0.001,0.0008,579,
Gibraltar,GIB,2014,1.3251,1.3251,0.2627,0,0,580,
Guinea,GIN,2014,1.3241,1.3251,0.2627,0.0009,0.0007,581,
Gambia (the),GMB,2014,1.325,1.3251,0.2627,0.0001,0.0001,582,
Equatorial Guinea,GNQ,2014,1.3242,1.3251,0.2627,0.0009,0.0006,583,
Greece,GRC,2014,1.3224,1.3251,0.2627,0.0027,0.002,584,
Greenland,GRL,2014,1.3251,1.3251,0.2627,0,0,585,
Guatemala,GTM,2014,1.324,1.3251,0.2627,0.0011,0.0008,586,
French Guiana,GUF,2014,1.325,1.3251,0.2627,0.0001,0,587,
Guyana,GUY,2014,1.3248,1.3251,0.2627,0.0003,0.0003,588,
Hong Kong,HKG,2014,1.3242,1.3251,0.2627,0.0009,0.0007,589,
Honduras,HND,2014,1.3242,1.3251,0.2627,0.0009,0.0006,590,
Croatia,HRV,2014,1.3243,1.3251,0.2627,0.0008,0.0006,591,
Haiti,HTI,2014,1.3246,1.3251,0.2627,0.0005,0.0004,592,
Hungary,HUN,2014,1.3222,1.3251,0.2627,0.0029,0.0022,593,
Indonesia,IDN,2014,1.2822,1.3251,0.2627,0.0429,0.0324,594,
Isle of Man,IMN,2014,1.3251,1.3251,0.2627,0,0,595,
India,IND,2014,1.2608,1.3251,0.2627,0.0643,0.0485,596,
Ireland,IRL,2014,1.323,1.3251,0.2627,0.0021,0.0016,597,
Iran (Islamic Republic of),IRN,2014,1.3123,1.3251,0.2627,0.0128,0.0097,598,
Iraq,IRQ,2014,1.321,1.3251,0.2627,0.0041,0.0031,599,
Iceland,ISL,2014,1.325,1.3251,0.2627,0.0001,0.0001,600,
Israel,ISR,2014,1.3238,1.3251,0.2627,0.0012,0.0009,601,
Italy,ITA,2014,1.3111,1.3251,0.2627,0.014,0.0106,602,
Jersey,JEY,2014,1.3251,1.3251,0.2627,0,0,603,
Jordan,JOR,2014,1.3247,1.3251,0.2627,0.0004,0.0003,604,
Japan,JPN,2014,1.2931,1.3251,0.2627,0.032,0.0241,605,
Kazakhstan,KAZ,2014,1.3135,1.3251,0.2627,0.0116,0.0088,606,
Kenya,KEN,2014,1.3223,1.3251,0.2627,0.0028,0.0021,607,
Kyrgyzstan,KGZ,2014,1.3244,1.3251,0.2627,0.0007,0.0005,608,
Cambodia,KHM,2014,1.3236,1.3251,0.2627,0.0015,0.0011,609,
Korea (the Republic of),KOR,2014,1.3159,1.3251,0.2627,0.0092,0.007,610,
Kuwait,KWT,2014,1.3228,1.3251,0.2627,0.0023,0.0017,611,
Lao People's Democratic Republic (the),LAO,2014,1.3243,1.3251,0.2627,0.0008,0.0006,612,
Lebanon,LBN,2014,1.3247,1.3251,0.2627,0.0004,0.0003,613,
Liberia,LBR,2014,1.3248,1.3251,0.2627,0.0003,0.0002,614,
Libya,LBY,2014,1.3206,1.3251,0.2627,0.0045,0.0034,615,
Liechtenstein,LIE,2014,1.3251,1.3251,0.2627,0,0,616,
Sri Lanka,LKA,2014,1.3241,1.3251,0.2627,0.001,0.0008,617,
Lesotho,LSO,2014,1.325,1.3251,0.2627,0.0001,0.0001,618,
Lithuania,LTU,2014,1.3239,1.3251,0.2627,0.0012,0.0009,619,
Luxembourg,LUX,2014,1.3247,1.3251,0.2627,0.0004,0.0003,620,
Latvia,LVA,2014,1.3244,1.3251,0.2627,0.0007,0.0005,621,
Macao,MAC,2014,1.3251,1.3251,0.2627,0,0,622,
Morocco,MAR,2014,1.323,1.3251,0.2627,0.0021,0.0016,623,
Monaco,MCO,2014,1.3251,1.3251,0.2627,0,0,624,
Moldova (the Republic of),MDA,2014,1.3241,1.3251,0.2627,0.001,0.0007,625,
Madagascar,MDG,2014,1.3231,1.3251,0.2627,0.002,0.0015,626,
Mexico,MEX,2014,1.3088,1.3251,0.2627,0.0163,0.0123,627,
Republic of North Macedonia,MKD,2014,1.3247,1.3251,0.2627,0.0004,0.0003,628,
Mali,MLI,2014,1.3241,1.3251,0.2627,0.001,0.0008,629,
Myanmar,MMR,2014,1.318,1.3251,0.2627,0.0071,0.0054,630,
Montenegro,MNE,2014,1.325,1.3251,0.2627,0.0001,0,631,
Mongolia,MNG,2014,1.3238,1.3251,0.2627,0.0013,0.001,632,
Mozambique,MOZ,2014,1.3238,1.3251,0.2627,0.0013,0.001,633,
Mauritania,MRT,2014,1.3247,1.3251,0.2627,0.0004,0.0003,634,
Malawi,MWI,2014,1.3245,1.3251,0.2627,0.0006,0.0004,635,
Malaysia,MYS,2014,1.3185,1.3251,0.2627,0.0066,0.0049,636,
Namibia,NAM,2014,1.3248,1.3251,0.2627,0.0003,0.0002,637,
Niger (the),NER,2014,1.3237,1.3251,0.2627,0.0014,0.0011,638,
Nigeria,NGA,2014,1.3133,1.3251,0.2627,0.0118,0.0089,639,
Nicaragua,NIC,2014,1.3243,1.3251,0.2627,0.0008,0.0006,640,
Netherlands (the),NLD,2014,1.3179,1.3251,0.2627,0.0072,0.0054,641,
Norway,NOR,2014,1.3229,1.3251,0.2627,0.0022,0.0017,642,
Nepal,NPL,2014,1.3231,1.3251,0.2627,0.002,0.0015,643,
New Zealand,NZL,2014,1.3218,1.3251,0.2627,0.0033,0.0025,644,
Oman,OMN,2014,1.3228,1.3251,0.2627,0.0023,0.0017,645,
Pakistan,PAK,2014,1.3153,1.3251,0.2627,0.0098,0.0074,646,
Panama,PAN,2014,1.3247,1.3251,0.2627,0.0004,0.0003,647,
Peru,PER,2014,1.3217,1.3251,0.2627,0.0034,0.0025,648,
Philippines (the),PHL,2014,1.3181,1.3251,0.2627,0.007,0.0053,649,
Papua New Guinea,PNG,2014,1.3246,1.3251,0.2627,0.0005,0.0004,650,
Poland,POL,2014,1.3108,1.3251,0.2627,0.0143,0.0108,651,
Puerto Rico,PRI,2014,1.3249,1.3251,0.2627,0.0001,0.0001,652,
Korea (the Democratic People's Republic of),PRK,2014,1.3217,1.3251,0.2627,0.0034,0.0025,653,
Portugal,PRT,2014,1.323,1.3251,0.2627,0.0021,0.0016,654,
Paraguay,PRY,2014,1.3231,1.3251,0.2627,0.002,0.0015,655,
"Palestine, State of",PSE,2014,1.3251,1.3251,0.2627,0,0,656,
Qatar,QAT,2014,1.3234,1.3251,0.2627,0.0017,0.0013,657,
Romania,ROU,2014,1.3175,1.3251,0.2627,0.0076,0.0057,658,
Russian Federation (the),RUS,2014,1.2302,1.3251,0.2627,0.0949,0.0716,659,
Rwanda,RWA,2014,1.3248,1.3251,0.2627,0.0003,0.0002,660,
Saudi Arabia,SAU,2014,1.3161,1.3251,0.2627,0.009,0.0068,661,
Sudan,SDN,2014,1.3204,1.3251,0.2627,0.0047,0.0036,662,
Senegal,SEN,2014,1.3244,1.3251,0.2627,0.0007,0.0005,663,
Singapore,SGP,2014,1.3242,1.3251,0.2627,0.0009,0.0007,664,
Svalbard and Jan Mayen,SJM,2014,1.3251,1.3251,0.2627,0,0,665,
Sierra Leone,SLE,2014,1.3247,1.3251,0.2627,0.0004,0.0003,666,
El Salvador,SLV,2014,1.3247,1.3251,0.2627,0.0004,0.0003,667,
Somalia,SOM,2014,1.3237,1.3251,0.2627,0.0013,0.001,668,
Serbia,SRB,2014,1.3235,1.3251,0.2627,0.0016,0.0012,669,
Suriname,SUR,2014,1.325,1.3251,0.2627,0.0001,0.0001,670,
Slovakia,SVK,2014,1.3234,1.3251,0.2627,0.0017,0.0013,671,
Slovenia,SVN,2014,1.3246,1.3251,0.2627,0.0005,0.0004,672,
Sweden,SWE,2014,1.3215,1.3251,0.2627,0.0036,0.0027,673,
Eswatini,SWZ,2014,1.325,1.3251,0.2627,0.0001,0.0001,674,
Syrian Arab Republic,SYR,2014,1.3227,1.3251,0.2627,0.0024,0.0018,675,
Chad,TCD,2014,1.3243,1.3251,0.2627,0.0008,0.0006,676,
Togo,TGO,2014,1.3248,1.3251,0.2627,0.0003,0.0002,677,
Thailand,THA,2014,1.315,1.3251,0.2627,0.0101,0.0076,678,
Tajikistan,TJK,2014,1.3246,1.3251,0.2627,0.0005,0.0004,679,
Turkmenistan,TKM,2014,1.3227,1.3251,0.2627,0.0024,0.0018,680,
Tunisia,TUN,2014,1.3241,1.3251,0.2627,0.001,0.0008,681,
Turkey,TUR,2014,1.3175,1.3251,0.2627,0.0076,0.0058,682,
Taiwan_Province of China,TWN,2014,1.3208,1.3251,0.2627,0.0043,0.0033,683,
"Tanzania, United Republic of",TZA,2014,1.3202,1.3251,0.2627,0.0049,0.0037,684,
Uganda,UGA,2014,1.3234,1.3251,0.2627,0.0017,0.0013,685,
Ukraine,UKR,2014,1.3019,1.3251,0.2627,0.0232,0.0175,686,
Uruguay,URY,2014,1.3233,1.3251,0.2627,0.0018,0.0014,687,
United States of America (the),USA,2014,1.0945,1.3251,0.2627,0.2306,0.174,688,
Uzbekistan,UZB,2014,1.3206,1.3251,0.2627,0.0045,0.0034,689,
Holy See,VAT,2014,1.3251,1.3251,0.2627,0,0,690,
Venezuela (Bolivarian Republic of),VEN,2014,1.3039,1.3251,0.2627,0.0212,0.016,691,
Viet Nam,VNM,2014,1.3185,1.3251,0.2627,0.0066,0.005,692,
Yemen,YEM,2014,1.3235,1.3251,0.2627,0.0015,0.0012,693,
South Africa,ZAF,2014,1.3115,1.3251,0.2627,0.0136,0.0103,694,
Zambia,ZMB,2014,1.3242,1.3251,0.2627,0.0009,0.0007,695,
Zimbabwe,ZWE,2014,1.3239,1.3251,0.2627,0.0012,0.0009,696,
